"id","date","product","review_text"
1,"2024-11-23","Widget Pro","Exceeded my expectations! Will buy again."
2,"2024-05-20","Widget Lite","The quality surprised me in a good way."
3,"2024-03-12","Widget Pro","Decent for the price. Don't expect miracles."
4,"2024-10-06","Widget Pro","Not bad but not great either. Average product."
5,"2024-08-04","Widget Pro","Exceeded my expectations! Will buy again."
6,"2024-02-17","Widget Lite","The quality surprised me in a good way."
7,"2024-09-15","Widget Ultra","Exceeded my expectations! Will buy again."
8,"2024-10-14","Widget Lite","The instructions were confusing but once I figured it out it was great. I think they could improve the documentation and maybe include a quick start guide. The product itself is solid though."
9,"2024-11-28","Widget Ultra","Feels like a cheap knockoff. Very flimsy."
10,"2024-04-22","Widget Mini","Not bad but not great either. Average product."
11,"2024-05-22","Widget Pro","It took about a week to get used to it. At first I thought I'd return it but after the learning curve it's become a useful tool. Not sure I'd buy it again at full price though — wait for a sale."
12,"2024-03-22","Widget Mini","Don't bother. Cheaply made and falls apart."
13,"2024-05-22","Widget Lite","Beautifully designed and works perfectly."
14,"2024-06-21","Widget Pro","Solid build quality. Highly recommended."
15,"2024-07-13","Widget Pro","Returned it the same day. Terrible quality."
16,"2024-06-25","Widget Ultra","After researching dozens of alternatives, I went with this one and I'm glad I did. The features are exactly what I needed and the price point is very reasonable compared to the competition."
17,"2024-01-23","Widget Mini","This might work for someone with very low expectations. For anyone else, spend a little more and get something that actually lasts. Mine died after two weeks."
18,"2024-03-04","Widget Mini","Solid build quality. Highly recommended."
19,"2024-10-09","Widget Max","First impression was bad — the box was crushed and I was worried. But the product inside was fine, protected by good internal packaging. Setup was straightforward. Performance has been consistent over the past month. My only gripe is that it runs a bit loud. Not a dealbreaker but noticeable in a quiet room. If they fix that in the next version I'll upgrade immediately."
20,"2024-11-17","Widget Ultra","Arrived damaged. Very disappointing."
21,"2024-10-22","Widget Lite","The instructions were confusing but once I figured it out it was great. I think they could improve the documentation and maybe include a quick start guide. The product itself is solid though."
22,"2024-02-05","Widget Pro","It works. That's about all I can say."
23,"2024-04-26","Widget Max","Solid build quality. Highly recommended."
24,"2024-04-29","Widget Pro","Waste of money. Stopped working after a week."
25,"2024-05-22","Widget Mini","It's okay. Nothing special but nothing terrible either."
26,"2024-07-05","Widget Lite","Arrived damaged. Very disappointing."
27,"2024-06-30","Widget Lite","It works. That's about all I can say."
28,"2024-05-16","Widget Pro","Perfectly adequate. Gets the job done."
29,"2024-11-21","Widget Lite","This might work for someone with very low expectations. For anyone else, spend a little more and get something that actually lasts. Mine died after two weeks."
30,"2024-05-05","Widget Lite","Completely useless. Going in the trash."
31,"2024-07-13","Widget Max","It's okay. Nothing special but nothing terrible either."
32,"2024-12-18","Widget Ultra","The quality surprised me in a good way."
33,"2024-12-16","Widget Max","First impression was bad — the box was crushed and I was worried. But the product inside was fine, protected by good internal packaging. Setup was straightforward. Performance has been consistent over the past month. My only gripe is that it runs a bit loud. Not a dealbreaker but noticeable in a quiet room. If they fix that in the next version I'll upgrade immediately."
34,"2024-01-29","Widget Lite","I bought this for my small business and it has been a total game changer. We process about fifty orders a day and this has cut our preparation time in half. The staff found it easy to learn and we were up and running within an hour. Three months in and zero issues. Worth every penny for a commercial use case. I plan to buy two more for our other locations."
35,"2024-01-17","Widget Max","Would not recommend to anyone. Total junk."
36,"2024-05-17","Widget Pro","Beautifully designed and works perfectly."
37,"2024-10-17","Widget Max","Beautifully designed and works perfectly."
38,"2024-12-01","Widget Mini","Would not recommend to anyone. Total junk."
39,"2024-11-25","Widget Mini","Amazing value for the price. Can't beat it."
40,"2024-05-15","Widget Lite","I've been using this for three months now and it still works like new. The build quality is excellent and it handles daily wear and tear without any issues. Would definitely recommend to anyone looking for a reliable option."
41,"2024-10-14","Widget Ultra","After researching dozens of alternatives, I went with this one and I'm glad I did. The features are exactly what I needed and the price point is very reasonable compared to the competition."
42,"2024-10-26","Widget Mini","Not bad but not great either. Average product."
43,"2024-07-23","Widget Max","The quality surprised me in a good way."
44,"2024-03-11","Widget Ultra","The product looked nothing like the photos. The color was off, the material felt cheap, and it didn't fit properly. Returning it was also a hassle — had to call three times before they processed it."
45,"2024-02-16","Widget Pro","This replaced my old one and it's ten times better."
46,"2024-03-19","Widget Lite","I've owned a lot of products in this category over the years and this ranks somewhere in the middle. The design is sleek and modern which I appreciate. The functionality is mostly good but there are a few quirks that get annoying over time. For example, the power button is in an awkward spot and I keep accidentally pressing it. The battery life claims are also a bit optimistic — I get about 70% of what they advertise. That said, for the sale price I paid, I think it's a fair deal. Just don't expect perfection."
47,"2024-12-14","Widget Mini","Perfectly adequate. Gets the job done."
48,"2024-02-02","Widget Mini","Waste of money. Stopped working after a week."
49,"2024-11-01","Widget Mini","Ordered two and both had defects. One had a scratch right out of the box and the other had a loose part rattling around inside. Quality control is clearly nonexistent."
50,"2024-05-08","Widget Ultra","Absolutely love this product. Best purchase I've made all year."
51,"2024-12-14","Widget Pro","Decent for the price. Don't expect miracles."
52,"2024-10-01","Widget Max","Some features work great, others not so much. The main function is reliable but the app integration is buggy and the Bluetooth connection drops occasionally. Hoping for a firmware update."
53,"2024-11-24","Widget Max","This replaced my old one and it's ten times better."
54,"2024-05-30","Widget Mini","Super fast shipping and the product is great."
55,"2024-08-20","Widget Pro","For the price I paid I can't really complain. It does what it's supposed to do. It's not fancy or premium feeling but it's functional and that's what matters to me at this price point."
56,"2024-05-14","Widget Ultra","It took about a week to get used to it. At first I thought I'd return it but after the learning curve it's become a useful tool. Not sure I'd buy it again at full price though — wait for a sale."
57,"2024-04-01","Widget Ultra","Bought three more for friends. That's how good it is."
58,"2024-11-16","Widget Max","First impression was bad — the box was crushed and I was worried. But the product inside was fine, protected by good internal packaging. Setup was straightforward. Performance has been consistent over the past month. My only gripe is that it runs a bit loud. Not a dealbreaker but noticeable in a quiet room. If they fix that in the next version I'll upgrade immediately."
59,"2024-11-23","Widget Ultra","Perfectly adequate. Gets the job done."
60,"2024-04-11","Widget Lite","Arrived damaged. Very disappointing."
61,"2024-03-23","Widget Ultra","Some features work great, others not so much. The main function is reliable but the app integration is buggy and the Bluetooth connection drops occasionally. Hoping for a firmware update."
62,"2024-09-28","Widget Pro","Perfectly adequate. Gets the job done."
63,"2024-06-14","Widget Mini","Exceeded my expectations! Will buy again."
64,"2024-02-27","Widget Max","First impression was bad — the box was crushed and I was worried. But the product inside was fine, protected by good internal packaging. Setup was straightforward. Performance has been consistent over the past month. My only gripe is that it runs a bit loud. Not a dealbreaker but noticeable in a quiet room. If they fix that in the next version I'll upgrade immediately."
65,"2024-06-06","Widget Lite","My kids love it. Great gift idea."
66,"2024-05-03","Widget Ultra","Solid build quality. Highly recommended."
67,"2024-02-13","Widget Mini","I bought this for my small business and it has been a total game changer. We process about fifty orders a day and this has cut our preparation time in half. The staff found it easy to learn and we were up and running within an hour. Three months in and zero issues. Worth every penny for a commercial use case. I plan to buy two more for our other locations."
68,"2024-02-05","Widget Ultra","Some features work great, others not so much. The main function is reliable but the app integration is buggy and the Bluetooth connection drops occasionally. Hoping for a firmware update."
69,"2024-03-05","Widget Lite","It works. That's about all I can say."
70,"2024-08-31","Widget Ultra","Super fast shipping and the product is great."
71,"2024-05-15","Widget Ultra","Perfectly adequate. Gets the job done."
72,"2024-08-04","Widget Lite","This might work for someone with very low expectations. For anyone else, spend a little more and get something that actually lasts. Mine died after two weeks."
73,"2024-12-19","Widget Lite","The instructions were confusing but once I figured it out it was great. I think they could improve the documentation and maybe include a quick start guide. The product itself is solid though."
74,"2024-06-08","Widget Mini","It works. That's about all I can say."
75,"2024-11-28","Widget Max","Worst product I've ever purchased."
76,"2024-09-21","Widget Mini","This replaced my old one and it's ten times better."
77,"2024-05-06","Widget Lite","Works as advertised. No complaints."
78,"2024-06-22","Widget Pro","Not bad but not great either. Average product."
79,"2024-10-10","Widget Lite","Not bad but not great either. Average product."
80,"2024-04-22","Widget Pro","Works as advertised. No complaints."
81,"2024-12-28","Widget Pro","The quality surprised me in a good way."
82,"2024-02-04","Widget Pro","Don't bother. Cheaply made and falls apart."
83,"2024-02-06","Widget Ultra","I've been using this for three months now and it still works like new. The build quality is excellent and it handles daily wear and tear without any issues. Would definitely recommend to anyone looking for a reliable option."
84,"2024-05-22","Widget Mini","Beautifully designed and works perfectly."
85,"2024-10-03","Widget Lite","For the price I paid I can't really complain. It does what it's supposed to do. It's not fancy or premium feeling but it's functional and that's what matters to me at this price point."
86,"2024-10-19","Widget Ultra","Customer support was unhelpful and rude when I asked for a refund. The product itself broke within a week of normal use. I've never been so disappointed with a purchase. Will be leaving reviews everywhere to warn others."
87,"2024-05-04","Widget Mini","Let me break this down. Pros: fast shipping, nice packaging, intuitive design, good weight and feel, works right out of the box. Cons: the manual is practically useless, the app requires too many permissions, and the warranty registration process is needlessly complicated. Overall I'd give it a 7 out of 10. It does what I need it to do and I think it'll last a reasonable amount of time based on the build quality."
88,"2024-07-27","Widget Lite","Bought three more for friends. That's how good it is."
89,"2024-02-19","Widget Mini","Returned it the same day. Terrible quality."
90,"2024-08-04","Widget Mini","Completely useless. Going in the trash."
91,"2024-01-28","Widget Pro","My kids love it. Great gift idea."
92,"2024-07-25","Widget Max","Let me break this down. Pros: fast shipping, nice packaging, intuitive design, good weight and feel, works right out of the box. Cons: the manual is practically useless, the app requires too many permissions, and the warranty registration process is needlessly complicated. Overall I'd give it a 7 out of 10. It does what I need it to do and I think it'll last a reasonable amount of time based on the build quality."
93,"2024-02-25","Widget Lite","Game changer. I use it every single day now."
94,"2024-04-07","Widget Ultra","Worst product I've ever purchased."
95,"2024-03-12","Widget Mini","I was skeptical but this thing is legit."
96,"2024-05-22","Widget Mini","I've been using this for three months now and it still works like new. The build quality is excellent and it handles daily wear and tear without any issues. Would definitely recommend to anyone looking for a reliable option."
97,"2024-02-08","Widget Mini","Let me break this down. Pros: fast shipping, nice packaging, intuitive design, good weight and feel, works right out of the box. Cons: the manual is practically useless, the app requires too many permissions, and the warranty registration process is needlessly complicated. Overall I'd give it a 7 out of 10. It does what I need it to do and I think it'll last a reasonable amount of time based on the build quality."
98,"2024-10-08","Widget Pro","My kids love it. Great gift idea."
99,"2024-11-29","Widget Ultra","First impression was bad — the box was crushed and I was worried. But the product inside was fine, protected by good internal packaging. Setup was straightforward. Performance has been consistent over the past month. My only gripe is that it runs a bit loud. Not a dealbreaker but noticeable in a quiet room. If they fix that in the next version I'll upgrade immediately."
100,"2024-01-08","Widget Pro","It took about a week to get used to it. At first I thought I'd return it but after the learning curve it's become a useful tool. Not sure I'd buy it again at full price though — wait for a sale."
101,"2024-05-01","Widget Lite","Feels like a cheap knockoff. Very flimsy."
102,"2024-09-05","Widget Mini","Beautifully designed and works perfectly."
103,"2024-07-24","Widget Pro","Super fast shipping and the product is great."
104,"2024-07-13","Widget Pro","Waste of money. Stopped working after a week."
105,"2024-05-15","Widget Mini","I was hesitant to spend the money but I'm so glad I did. This has made my daily routine so much easier and more efficient. The customer service team was also really helpful when I had a quick question."
106,"2024-08-04","Widget Ultra","It works. That's about all I can say."
107,"2024-09-06","Widget Lite","Game changer. I use it every single day now."
108,"2024-05-31","Widget Lite","My kids love it. Great gift idea."
109,"2024-10-23","Widget Ultra","My kids love it. Great gift idea."
110,"2024-06-09","Widget Pro","My kids love it. Great gift idea."
111,"2024-10-26","Widget Mini","I really wanted to like this but it just doesn't work well. It's slow, unreliable, and the battery life is abysmal. I ended up going back to my old one which says a lot."
112,"2024-09-28","Widget Lite","My kids love it. Great gift idea."
113,"2024-09-17","Widget Pro","I purchased this based on a friend's recommendation and my experience has been very different from theirs. They said it was quiet — mine hums constantly. They said setup was easy — I spent an hour troubleshooting. They said battery lasts all day — mine barely makes it to the afternoon. I'm wondering if there's a quality consistency issue between units. Considering a return."
114,"2024-04-05","Widget Pro","Perfectly adequate. Gets the job done."
115,"2024-02-04","Widget Lite","Would not recommend to anyone. Total junk."
116,"2024-03-02","Widget Ultra","I've been using this for three months now and it still works like new. The build quality is excellent and it handles daily wear and tear without any issues. Would definitely recommend to anyone looking for a reliable option."
117,"2024-10-23","Widget Ultra","Five stars. Seriously impressive."
118,"2024-11-13","Widget Pro","Feels like a cheap knockoff. Very flimsy."
119,"2024-12-02","Widget Ultra","Meh. I expected more for the price."
120,"2024-09-24","Widget Max","After researching dozens of alternatives, I went with this one and I'm glad I did. The features are exactly what I needed and the price point is very reasonable compared to the competition."
121,"2024-04-14","Widget Max","I've been using this for three months now and it still works like new. The build quality is excellent and it handles daily wear and tear without any issues. Would definitely recommend to anyone looking for a reliable option."
122,"2024-05-15","Widget Mini","Perfect for what I needed. Very happy."
123,"2024-12-09","Widget Max","Completely useless. Going in the trash."
124,"2024-06-10","Widget Pro","Absolutely love this product. Best purchase I've made all year."
125,"2024-08-22","Widget Ultra","Meh. I expected more for the price."
126,"2024-02-21","Widget Pro","This might work for someone with very low expectations. For anyone else, spend a little more and get something that actually lasts. Mine died after two weeks."
127,"2024-04-19","Widget Ultra","After researching dozens of alternatives, I went with this one and I'm glad I did. The features are exactly what I needed and the price point is very reasonable compared to the competition."
128,"2024-03-08","Widget Max","Works as advertised. No complaints."
129,"2024-05-05","Widget Max","I was hesitant to spend the money but I'm so glad I did. This has made my daily routine so much easier and more efficient. The customer service team was also really helpful when I had a quick question."
130,"2024-03-21","Widget Mini","First impression was bad — the box was crushed and I was worried. But the product inside was fine, protected by good internal packaging. Setup was straightforward. Performance has been consistent over the past month. My only gripe is that it runs a bit loud. Not a dealbreaker but noticeable in a quiet room. If they fix that in the next version I'll upgrade immediately."
131,"2024-10-05","Widget Max","Shipping took forever but the product itself is decent."
132,"2024-11-30","Widget Ultra","Absolutely love this product. Best purchase I've made all year."
133,"2024-12-07","Widget Ultra","This is my second one because I loved the first so much. Gave the first to my brother and ordered another for myself. Consistent quality both times."
134,"2024-12-05","Widget Pro","Perfect for what I needed. Very happy."
135,"2024-05-15","Widget Pro","Bought three more for friends. That's how good it is."
136,"2024-10-10","Widget Lite","Bought this as a gift for my partner and they absolutely love it. The packaging was nice, the instructions were clear, and setup took less than five minutes. A+ experience all around."
137,"2024-05-24","Widget Ultra","Beautifully designed and works perfectly."
138,"2024-06-24","Widget Lite","Decent for the price. Don't expect miracles."
139,"2024-11-20","Widget Max","I really wanted to like this but it just doesn't work well. It's slow, unreliable, and the battery life is abysmal. I ended up going back to my old one which says a lot."
140,"2024-09-07","Widget Max","I purchased this based on a friend's recommendation and my experience has been very different from theirs. They said it was quiet — mine hums constantly. They said setup was easy — I spent an hour troubleshooting. They said battery lasts all day — mine barely makes it to the afternoon. I'm wondering if there's a quality consistency issue between units. Considering a return."
141,"2024-01-27","Widget Pro","It's okay. Nothing special but nothing terrible either."
142,"2024-08-04","Widget Max","Five stars. Seriously impressive."
143,"2024-01-02","Widget Max","Some features work great, others not so much. The main function is reliable but the app integration is buggy and the Bluetooth connection drops occasionally. Hoping for a firmware update."
144,"2024-03-07","Widget Max","Super fast shipping and the product is great."
145,"2024-08-14","Widget Ultra","The instructions were confusing but once I figured it out it was great. I think they could improve the documentation and maybe include a quick start guide. The product itself is solid though."
146,"2024-08-06","Widget Ultra","Absolutely love this product. Best purchase I've made all year."
147,"2024-02-27","Widget Pro","Average product. Neither impressed nor disappointed."
148,"2024-03-17","Widget Ultra","Five stars. Seriously impressive."
149,"2024-07-08","Widget Ultra","It's fine. Does what it says, nothing more."
150,"2024-03-16","Widget Mini","Perfect for what I needed. Very happy."
151,"2024-01-22","Widget Max","Arrived damaged. Very disappointing."
152,"2024-01-21","Widget Max","Beautifully designed and works perfectly."
153,"2024-12-15","Widget Lite","It works. That's about all I can say."
154,"2024-02-22","Widget Max","Some features work great, others not so much. The main function is reliable but the app integration is buggy and the Bluetooth connection drops occasionally. Hoping for a firmware update."
155,"2024-10-13","Widget Mini","Shipping took forever but the product itself is decent."
156,"2024-03-20","Widget Lite","Super fast shipping and the product is great."
157,"2024-03-31","Widget Mini","Exceeded my expectations! Will buy again."
158,"2024-04-01","Widget Max","I've owned a lot of products in this category over the years and this ranks somewhere in the middle. The design is sleek and modern which I appreciate. The functionality is mostly good but there are a few quirks that get annoying over time. For example, the power button is in an awkward spot and I keep accidentally pressing it. The battery life claims are also a bit optimistic — I get about 70% of what they advertise. That said, for the sale price I paid, I think it's a fair deal. Just don't expect perfection."
159,"2024-07-29","Widget Lite","Bought this as a gift for my partner and they absolutely love it. The packaging was nice, the instructions were clear, and setup took less than five minutes. A+ experience all around."
160,"2024-03-22","Widget Pro","Waste of money. Stopped working after a week."
161,"2024-01-20","Widget Mini","The quality surprised me in a good way."
162,"2024-04-12","Widget Mini","Returned it the same day. Terrible quality."
163,"2024-06-05","Widget Lite","The quality surprised me in a good way."
164,"2024-01-13","Widget Lite","Would not recommend to anyone. Total junk."
165,"2024-06-17","Widget Max","Works as advertised. No complaints."
166,"2024-05-22","Widget Max","Middle of the road. You get what you pay for."
167,"2024-09-17","Widget Mini","Decent for the price. Don't expect miracles."
168,"2024-10-01","Widget Max","Exceeded my expectations! Will buy again."
169,"2024-02-29","Widget Max","I was skeptical but this thing is legit."
170,"2024-10-24","Widget Max","Five stars. Seriously impressive."
171,"2024-02-25","Widget Ultra","Save your money. This is garbage."
172,"2024-06-25","Widget Max","Save your money. This is garbage."
173,"2024-11-06","Widget Ultra","This replaced my old one and it's ten times better."
174,"2024-07-16","Widget Ultra","Game changer. I use it every single day now."
175,"2024-05-10","Widget Pro","The instructions were confusing but once I figured it out it was great. I think they could improve the documentation and maybe include a quick start guide. The product itself is solid though."
176,"2024-08-11","Widget Pro","Ordered two and both had defects. One had a scratch right out of the box and the other had a loose part rattling around inside. Quality control is clearly nonexistent."
177,"2024-10-02","Widget Lite","Arrived damaged. Very disappointing."
178,"2024-08-08","Widget Pro","It works. That's about all I can say."
179,"2024-06-18","Widget Ultra","Broke after two days. Complete waste of money."
180,"2024-12-05","Widget Pro","For the price I paid I can't really complain. It does what it's supposed to do. It's not fancy or premium feeling but it's functional and that's what matters to me at this price point."
181,"2024-06-02","Widget Ultra","This is my second one because I loved the first so much. Gave the first to my brother and ordered another for myself. Consistent quality both times."
182,"2024-12-07","Widget Mini","Broke after two days. Complete waste of money."
183,"2024-07-25","Widget Max","It's fine. Does what it says, nothing more."
184,"2024-03-06","Widget Lite","Feels like a cheap knockoff. Very flimsy."
185,"2024-12-06","Widget Mini","Decent for the price. Don't expect miracles."
186,"2024-03-30","Widget Ultra","Meh. I expected more for the price."
187,"2024-06-03","Widget Mini","It's fine. Does what it says, nothing more."
188,"2024-01-01","Widget Max","I was hesitant to spend the money but I'm so glad I did. This has made my daily routine so much easier and more efficient. The customer service team was also really helpful when I had a quick question."
189,"2024-04-17","Widget Mini","I've owned a lot of products in this category over the years and this ranks somewhere in the middle. The design is sleek and modern which I appreciate. The functionality is mostly good but there are a few quirks that get annoying over time. For example, the power button is in an awkward spot and I keep accidentally pressing it. The battery life claims are also a bit optimistic — I get about 70% of what they advertise. That said, for the sale price I paid, I think it's a fair deal. Just don't expect perfection."
190,"2024-10-23","Widget Ultra","Middle of the road. You get what you pay for."
191,"2024-06-13","Widget Mini","Worst product I've ever purchased."
192,"2024-08-14","Widget Lite","I really wanted to like this but it just doesn't work well. It's slow, unreliable, and the battery life is abysmal. I ended up going back to my old one which says a lot."
193,"2024-08-30","Widget Lite","It works. That's about all I can say."
194,"2024-02-13","Widget Max","I really wanted to like this but it just doesn't work well. It's slow, unreliable, and the battery life is abysmal. I ended up going back to my old one which says a lot."
195,"2024-12-05","Widget Ultra","Don't bother. Cheaply made and falls apart."
196,"2024-02-17","Widget Lite","Decent for the price. Don't expect miracles."
197,"2024-06-07","Widget Lite","Let me break this down. Pros: fast shipping, nice packaging, intuitive design, good weight and feel, works right out of the box. Cons: the manual is practically useless, the app requires too many permissions, and the warranty registration process is needlessly complicated. Overall I'd give it a 7 out of 10. It does what I need it to do and I think it'll last a reasonable amount of time based on the build quality."
198,"2024-04-11","Widget Lite","Exceeded my expectations! Will buy again."
199,"2024-01-24","Widget Lite","Customer support was unhelpful and rude when I asked for a refund. The product itself broke within a week of normal use. I've never been so disappointed with a purchase. Will be leaving reviews everywhere to warn others."
200,"2024-11-08","Widget Pro","Completely useless. Going in the trash."
201,"2024-07-31","Widget Ultra","Game changer. I use it every single day now."
202,"2024-12-22","Widget Mini","The product looked nothing like the photos. The color was off, the material felt cheap, and it didn't fit properly. Returning it was also a hassle — had to call three times before they processed it."
203,"2024-07-23","Widget Lite","Amazing value for the price. Can't beat it."
204,"2024-12-01","Widget Pro","It took about a week to get used to it. At first I thought I'd return it but after the learning curve it's become a useful tool. Not sure I'd buy it again at full price though — wait for a sale."
205,"2024-02-24","Widget Mini","The quality surprised me in a good way."
206,"2024-03-31","Widget Ultra","Completely useless. Going in the trash."
207,"2024-01-26","Widget Ultra","I've been using this for three months now and it still works like new. The build quality is excellent and it handles daily wear and tear without any issues. Would definitely recommend to anyone looking for a reliable option."
208,"2024-03-03","Widget Mini","Perfect for what I needed. Very happy."
209,"2024-08-25","Widget Ultra","It's fine. Does what it says, nothing more."
210,"2024-10-31","Widget Max","It took about a week to get used to it. At first I thought I'd return it but after the learning curve it's become a useful tool. Not sure I'd buy it again at full price though — wait for a sale."
211,"2024-08-14","Widget Ultra","I bought this for my small business and it has been a total game changer. We process about fifty orders a day and this has cut our preparation time in half. The staff found it easy to learn and we were up and running within an hour. Three months in and zero issues. Worth every penny for a commercial use case. I plan to buy two more for our other locations."
212,"2024-09-15","Widget Mini","First impression was bad — the box was crushed and I was worried. But the product inside was fine, protected by good internal packaging. Setup was straightforward. Performance has been consistent over the past month. My only gripe is that it runs a bit loud. Not a dealbreaker but noticeable in a quiet room. If they fix that in the next version I'll upgrade immediately."
213,"2024-10-07","Widget Mini","Super fast shipping and the product is great."
214,"2024-08-31","Widget Mini","After researching dozens of alternatives, I went with this one and I'm glad I did. The features are exactly what I needed and the price point is very reasonable compared to the competition."
215,"2024-05-06","Widget Max","Some features work great, others not so much. The main function is reliable but the app integration is buggy and the Bluetooth connection drops occasionally. Hoping for a firmware update."
216,"2024-09-23","Widget Mini","It's okay. Nothing special but nothing terrible either."
217,"2024-05-02","Widget Max","Worst product I've ever purchased."
218,"2024-02-09","Widget Max","I've been using this for three months now and it still works like new. The build quality is excellent and it handles daily wear and tear without any issues. Would definitely recommend to anyone looking for a reliable option."
219,"2024-05-19","Widget Max","Broke after two days. Complete waste of money."
220,"2024-10-03","Widget Pro","Perfect for what I needed. Very happy."
221,"2024-03-18","Widget Lite","Waste of money. Stopped working after a week."
222,"2024-12-21","Widget Lite","The instructions were confusing but once I figured it out it was great. I think they could improve the documentation and maybe include a quick start guide. The product itself is solid though."
223,"2024-04-19","Widget Pro","Feels like a cheap knockoff. Very flimsy."
224,"2024-07-27","Widget Max","This might work for someone with very low expectations. For anyone else, spend a little more and get something that actually lasts. Mine died after two weeks."
225,"2024-08-26","Widget Mini","My kids love it. Great gift idea."
226,"2024-04-15","Widget Mini","Waste of money. Stopped working after a week."
227,"2024-10-26","Widget Pro","I purchased this based on a friend's recommendation and my experience has been very different from theirs. They said it was quiet — mine hums constantly. They said setup was easy — I spent an hour troubleshooting. They said battery lasts all day — mine barely makes it to the afternoon. I'm wondering if there's a quality consistency issue between units. Considering a return."
228,"2024-10-21","Widget Mini","Customer support was unhelpful and rude when I asked for a refund. The product itself broke within a week of normal use. I've never been so disappointed with a purchase. Will be leaving reviews everywhere to warn others."
229,"2024-01-04","Widget Max","This is my second one because I loved the first so much. Gave the first to my brother and ordered another for myself. Consistent quality both times."
230,"2024-07-18","Widget Mini","This might work for someone with very low expectations. For anyone else, spend a little more and get something that actually lasts. Mine died after two weeks."
231,"2024-10-06","Widget Ultra","The quality surprised me in a good way."
232,"2024-09-06","Widget Lite","Bought this as a gift for my partner and they absolutely love it. The packaging was nice, the instructions were clear, and setup took less than five minutes. A+ experience all around."
233,"2024-08-11","Widget Mini","Exceeded my expectations! Will buy again."
234,"2024-07-18","Widget Max","It works. That's about all I can say."
235,"2024-12-13","Widget Mini","For the price I paid I can't really complain. It does what it's supposed to do. It's not fancy or premium feeling but it's functional and that's what matters to me at this price point."
236,"2024-03-25","Widget Mini","Perfect for what I needed. Very happy."
237,"2024-11-14","Widget Ultra","Exceeded my expectations! Will buy again."
238,"2024-07-20","Widget Ultra","Meh. I expected more for the price."
239,"2024-12-05","Widget Pro","Solid build quality. Highly recommended."
240,"2024-11-25","Widget Mini","Perfect for what I needed. Very happy."
241,"2024-08-24","Widget Lite","My kids love it. Great gift idea."
242,"2024-05-13","Widget Mini","Broke after two days. Complete waste of money."
243,"2024-04-18","Widget Mini","Broke after two days. Complete waste of money."
244,"2024-06-21","Widget Mini","Bought this as a gift for my partner and they absolutely love it. The packaging was nice, the instructions were clear, and setup took less than five minutes. A+ experience all around."
245,"2024-08-03","Widget Max","First impression was bad — the box was crushed and I was worried. But the product inside was fine, protected by good internal packaging. Setup was straightforward. Performance has been consistent over the past month. My only gripe is that it runs a bit loud. Not a dealbreaker but noticeable in a quiet room. If they fix that in the next version I'll upgrade immediately."
246,"2024-02-11","Widget Mini","Exceeded my expectations! Will buy again."
247,"2024-10-03","Widget Pro","Returned it the same day. Terrible quality."
248,"2024-04-24","Widget Pro","Some features work great, others not so much. The main function is reliable but the app integration is buggy and the Bluetooth connection drops occasionally. Hoping for a firmware update."
249,"2024-11-29","Widget Pro","It took about a week to get used to it. At first I thought I'd return it but after the learning curve it's become a useful tool. Not sure I'd buy it again at full price though — wait for a sale."
250,"2024-01-16","Widget Lite","Game changer. I use it every single day now."
251,"2024-01-11","Widget Ultra","Amazing value for the price. Can't beat it."
252,"2024-05-02","Widget Lite","Customer support was unhelpful and rude when I asked for a refund. The product itself broke within a week of normal use. I've never been so disappointed with a purchase. Will be leaving reviews everywhere to warn others."
253,"2024-12-08","Widget Pro","Meh. I expected more for the price."
254,"2024-04-21","Widget Mini","Average product. Neither impressed nor disappointed."
255,"2024-05-11","Widget Max","Super fast shipping and the product is great."
256,"2024-11-06","Widget Ultra","Mixed feelings on this one. The core functionality is good but the accessories that came with it were low quality. I ended up replacing the included case with a third-party one."
257,"2024-02-28","Widget Lite","This is my second one because I loved the first so much. Gave the first to my brother and ordered another for myself. Consistent quality both times."
258,"2024-02-25","Widget Ultra","Exceeded my expectations! Will buy again."
259,"2024-06-08","Widget Ultra","Decent for the price. Don't expect miracles."
260,"2024-07-11","Widget Mini","The instructions were confusing but once I figured it out it was great. I think they could improve the documentation and maybe include a quick start guide. The product itself is solid though."
261,"2024-04-11","Widget Pro","Not bad but not great either. Average product."
262,"2024-12-19","Widget Lite","Bought three more for friends. That's how good it is."
263,"2024-12-22","Widget Max","I purchased this based on a friend's recommendation and my experience has been very different from theirs. They said it was quiet — mine hums constantly. They said setup was easy — I spent an hour troubleshooting. They said battery lasts all day — mine barely makes it to the afternoon. I'm wondering if there's a quality consistency issue between units. Considering a return."
264,"2024-12-16","Widget Ultra","Let me break this down. Pros: fast shipping, nice packaging, intuitive design, good weight and feel, works right out of the box. Cons: the manual is practically useless, the app requires too many permissions, and the warranty registration process is needlessly complicated. Overall I'd give it a 7 out of 10. It does what I need it to do and I think it'll last a reasonable amount of time based on the build quality."
265,"2024-03-02","Widget Ultra","I've owned a lot of products in this category over the years and this ranks somewhere in the middle. The design is sleek and modern which I appreciate. The functionality is mostly good but there are a few quirks that get annoying over time. For example, the power button is in an awkward spot and I keep accidentally pressing it. The battery life claims are also a bit optimistic — I get about 70% of what they advertise. That said, for the sale price I paid, I think it's a fair deal. Just don't expect perfection."
266,"2024-01-22","Widget Max","This might work for someone with very low expectations. For anyone else, spend a little more and get something that actually lasts. Mine died after two weeks."
267,"2024-08-07","Widget Max","Works as advertised. No complaints."
268,"2024-09-16","Widget Max","Absolutely love this product. Best purchase I've made all year."
269,"2024-08-03","Widget Mini","Bought three more for friends. That's how good it is."
270,"2024-08-09","Widget Max","It's okay. Nothing special but nothing terrible either."
271,"2024-08-23","Widget Lite","Save your money. This is garbage."
272,"2024-03-31","Widget Ultra","Middle of the road. You get what you pay for."
273,"2024-05-18","Widget Ultra","Let me break this down. Pros: fast shipping, nice packaging, intuitive design, good weight and feel, works right out of the box. Cons: the manual is practically useless, the app requires too many permissions, and the warranty registration process is needlessly complicated. Overall I'd give it a 7 out of 10. It does what I need it to do and I think it'll last a reasonable amount of time based on the build quality."
274,"2024-10-02","Widget Mini","Completely useless. Going in the trash."
275,"2024-08-11","Widget Ultra","Bought this as a gift for my partner and they absolutely love it. The packaging was nice, the instructions were clear, and setup took less than five minutes. A+ experience all around."
276,"2024-06-14","Widget Lite","First impression was bad — the box was crushed and I was worried. But the product inside was fine, protected by good internal packaging. Setup was straightforward. Performance has been consistent over the past month. My only gripe is that it runs a bit loud. Not a dealbreaker but noticeable in a quiet room. If they fix that in the next version I'll upgrade immediately."
277,"2024-02-14","Widget Max","Worst product I've ever purchased."
278,"2024-05-04","Widget Mini","Meh. I expected more for the price."
279,"2024-11-08","Widget Mini","Don't bother. Cheaply made and falls apart."
280,"2024-01-15","Widget Mini","I purchased this based on a friend's recommendation and my experience has been very different from theirs. They said it was quiet — mine hums constantly. They said setup was easy — I spent an hour troubleshooting. They said battery lasts all day — mine barely makes it to the afternoon. I'm wondering if there's a quality consistency issue between units. Considering a return."
281,"2024-06-15","Widget Lite","The product looked nothing like the photos. The color was off, the material felt cheap, and it didn't fit properly. Returning it was also a hassle — had to call three times before they processed it."
282,"2024-04-18","Widget Max","Let me break this down. Pros: fast shipping, nice packaging, intuitive design, good weight and feel, works right out of the box. Cons: the manual is practically useless, the app requires too many permissions, and the warranty registration process is needlessly complicated. Overall I'd give it a 7 out of 10. It does what I need it to do and I think it'll last a reasonable amount of time based on the build quality."
283,"2024-05-12","Widget Max","Bought this as a gift for my partner and they absolutely love it. The packaging was nice, the instructions were clear, and setup took less than five minutes. A+ experience all around."
284,"2024-11-01","Widget Max","It's fine. Does what it says, nothing more."
285,"2024-01-06","Widget Ultra","Game changer. I use it every single day now."
286,"2024-02-13","Widget Lite","For the price I paid I can't really complain. It does what it's supposed to do. It's not fancy or premium feeling but it's functional and that's what matters to me at this price point."
287,"2024-07-27","Widget Mini","It's fine. Does what it says, nothing more."
288,"2024-05-03","Widget Mini","Middle of the road. You get what you pay for."
289,"2024-12-30","Widget Mini","Worst product I've ever purchased."
290,"2024-01-09","Widget Pro","I was hesitant to spend the money but I'm so glad I did. This has made my daily routine so much easier and more efficient. The customer service team was also really helpful when I had a quick question."
291,"2024-04-23","Widget Mini","Average product. Neither impressed nor disappointed."
292,"2024-05-04","Widget Max","It works. That's about all I can say."
293,"2024-10-24","Widget Max","Customer support was unhelpful and rude when I asked for a refund. The product itself broke within a week of normal use. I've never been so disappointed with a purchase. Will be leaving reviews everywhere to warn others."
294,"2024-10-10","Widget Ultra","Returned it the same day. Terrible quality."
295,"2024-08-05","Widget Ultra","Don't bother. Cheaply made and falls apart."
296,"2024-06-29","Widget Mini","Bought this as a gift for my partner and they absolutely love it. The packaging was nice, the instructions were clear, and setup took less than five minutes. A+ experience all around."
297,"2024-06-05","Widget Max","The quality surprised me in a good way."
298,"2024-03-02","Widget Lite","Broke after two days. Complete waste of money."
299,"2024-03-02","Widget Ultra","It took about a week to get used to it. At first I thought I'd return it but after the learning curve it's become a useful tool. Not sure I'd buy it again at full price though — wait for a sale."
300,"2024-12-19","Widget Lite","Game changer. I use it every single day now."
301,"2024-04-20","Widget Mini","Bought this as a gift for my partner and they absolutely love it. The packaging was nice, the instructions were clear, and setup took less than five minutes. A+ experience all around."
302,"2024-10-28","Widget Ultra","Perfectly adequate. Gets the job done."
303,"2024-05-24","Widget Pro","First impression was bad — the box was crushed and I was worried. But the product inside was fine, protected by good internal packaging. Setup was straightforward. Performance has been consistent over the past month. My only gripe is that it runs a bit loud. Not a dealbreaker but noticeable in a quiet room. If they fix that in the next version I'll upgrade immediately."
304,"2024-04-09","Widget Max","The quality surprised me in a good way."
305,"2024-07-03","Widget Lite","This is my second one because I loved the first so much. Gave the first to my brother and ordered another for myself. Consistent quality both times."
306,"2024-01-08","Widget Ultra","Perfect for what I needed. Very happy."
307,"2024-05-20","Widget Pro","My kids love it. Great gift idea."
308,"2024-10-10","Widget Max","Average product. Neither impressed nor disappointed."
309,"2024-03-05","Widget Mini","Bought three more for friends. That's how good it is."
310,"2024-01-07","Widget Ultra","I was hesitant to spend the money but I'm so glad I did. This has made my daily routine so much easier and more efficient. The customer service team was also really helpful when I had a quick question."
311,"2024-08-28","Widget Mini","Worst product I've ever purchased."
312,"2024-06-23","Widget Lite","My kids love it. Great gift idea."
313,"2024-05-09","Widget Mini","This replaced my old one and it's ten times better."
314,"2024-02-03","Widget Mini","The product looked nothing like the photos. The color was off, the material felt cheap, and it didn't fit properly. Returning it was also a hassle — had to call three times before they processed it."
315,"2024-02-07","Widget Ultra","It's okay. Nothing special but nothing terrible either."
316,"2024-12-17","Widget Pro","Amazing value for the price. Can't beat it."
317,"2024-03-17","Widget Ultra","This is my second one because I loved the first so much. Gave the first to my brother and ordered another for myself. Consistent quality both times."
318,"2024-02-13","Widget Lite","This replaced my old one and it's ten times better."
319,"2024-10-12","Widget Mini","Perfectly adequate. Gets the job done."
320,"2024-11-01","Widget Ultra","The quality surprised me in a good way."
321,"2024-09-24","Widget Mini","Worst product I've ever purchased."
322,"2024-08-14","Widget Max","Not bad but not great either. Average product."
323,"2024-08-07","Widget Max","Meh. I expected more for the price."
324,"2024-11-13","Widget Pro","Shipping took forever but the product itself is decent."
325,"2024-02-20","Widget Lite","It's okay. Nothing special but nothing terrible either."
326,"2024-04-18","Widget Max","It works. That's about all I can say."
327,"2024-02-11","Widget Lite","I've been using this for three months now and it still works like new. The build quality is excellent and it handles daily wear and tear without any issues. Would definitely recommend to anyone looking for a reliable option."
328,"2024-03-29","Widget Ultra","Works as advertised. No complaints."
329,"2024-03-21","Widget Pro","Feels like a cheap knockoff. Very flimsy."
330,"2024-08-18","Widget Ultra","Customer support was unhelpful and rude when I asked for a refund. The product itself broke within a week of normal use. I've never been so disappointed with a purchase. Will be leaving reviews everywhere to warn others."
331,"2024-05-29","Widget Pro","The quality surprised me in a good way."
332,"2024-05-27","Widget Max","Average product. Neither impressed nor disappointed."
333,"2024-08-20","Widget Pro","Decent for the price. Don't expect miracles."
334,"2024-04-29","Widget Max","I've owned a lot of products in this category over the years and this ranks somewhere in the middle. The design is sleek and modern which I appreciate. The functionality is mostly good but there are a few quirks that get annoying over time. For example, the power button is in an awkward spot and I keep accidentally pressing it. The battery life claims are also a bit optimistic — I get about 70% of what they advertise. That said, for the sale price I paid, I think it's a fair deal. Just don't expect perfection."
335,"2024-11-16","Widget Ultra","It works. That's about all I can say."
336,"2024-04-11","Widget Mini","This replaced my old one and it's ten times better."
337,"2024-10-05","Widget Lite","Middle of the road. You get what you pay for."
338,"2024-03-17","Widget Max","I bought this for my small business and it has been a total game changer. We process about fifty orders a day and this has cut our preparation time in half. The staff found it easy to learn and we were up and running within an hour. Three months in and zero issues. Worth every penny for a commercial use case. I plan to buy two more for our other locations."
339,"2024-03-13","Widget Pro","My kids love it. Great gift idea."
340,"2024-03-25","Widget Max","Perfectly adequate. Gets the job done."
341,"2024-10-18","Widget Max","Worst product I've ever purchased."
342,"2024-03-04","Widget Mini","Average product. Neither impressed nor disappointed."
343,"2024-06-04","Widget Mini","Bought this as a gift for my partner and they absolutely love it. The packaging was nice, the instructions were clear, and setup took less than five minutes. A+ experience all around."
344,"2024-09-13","Widget Ultra","The product looked nothing like the photos. The color was off, the material felt cheap, and it didn't fit properly. Returning it was also a hassle — had to call three times before they processed it."
345,"2024-08-12","Widget Pro","Perfectly adequate. Gets the job done."
346,"2024-01-21","Widget Mini","Mixed feelings on this one. The core functionality is good but the accessories that came with it were low quality. I ended up replacing the included case with a third-party one."
347,"2024-06-14","Widget Ultra","After researching dozens of alternatives, I went with this one and I'm glad I did. The features are exactly what I needed and the price point is very reasonable compared to the competition."
348,"2024-01-14","Widget Pro","The quality surprised me in a good way."
349,"2024-12-11","Widget Ultra","Not bad but not great either. Average product."
350,"2024-01-11","Widget Max","Meh. I expected more for the price."
351,"2024-01-21","Widget Lite","Customer support was unhelpful and rude when I asked for a refund. The product itself broke within a week of normal use. I've never been so disappointed with a purchase. Will be leaving reviews everywhere to warn others."
352,"2024-09-22","Widget Mini","Bought this as a gift for my partner and they absolutely love it. The packaging was nice, the instructions were clear, and setup took less than five minutes. A+ experience all around."
353,"2024-04-02","Widget Ultra","Save your money. This is garbage."
354,"2024-11-21","Widget Mini","Solid build quality. Highly recommended."
355,"2024-08-28","Widget Max","Feels like a cheap knockoff. Very flimsy."
356,"2024-06-19","Widget Max","It works. That's about all I can say."
357,"2024-02-23","Widget Lite","Don't bother. Cheaply made and falls apart."
358,"2024-07-29","Widget Mini","I was hesitant to spend the money but I'm so glad I did. This has made my daily routine so much easier and more efficient. The customer service team was also really helpful when I had a quick question."
359,"2024-12-05","Widget Mini","I bought this for my small business and it has been a total game changer. We process about fifty orders a day and this has cut our preparation time in half. The staff found it easy to learn and we were up and running within an hour. Three months in and zero issues. Worth every penny for a commercial use case. I plan to buy two more for our other locations."
360,"2024-10-08","Widget Pro","Completely useless. Going in the trash."
361,"2024-02-15","Widget Max","After researching dozens of alternatives, I went with this one and I'm glad I did. The features are exactly what I needed and the price point is very reasonable compared to the competition."
362,"2024-06-14","Widget Pro","Some features work great, others not so much. The main function is reliable but the app integration is buggy and the Bluetooth connection drops occasionally. Hoping for a firmware update."
363,"2024-07-25","Widget Ultra","I bought this for my small business and it has been a total game changer. We process about fifty orders a day and this has cut our preparation time in half. The staff found it easy to learn and we were up and running within an hour. Three months in and zero issues. Worth every penny for a commercial use case. I plan to buy two more for our other locations."
364,"2024-01-01","Widget Ultra","Completely useless. Going in the trash."
365,"2024-07-30","Widget Pro","Game changer. I use it every single day now."
366,"2024-09-22","Widget Max","Shipping took forever but the product itself is decent."
367,"2024-09-12","Widget Mini","It took about a week to get used to it. At first I thought I'd return it but after the learning curve it's become a useful tool. Not sure I'd buy it again at full price though — wait for a sale."
368,"2024-01-27","Widget Lite","Bought this as a gift for my partner and they absolutely love it. The packaging was nice, the instructions were clear, and setup took less than five minutes. A+ experience all around."
369,"2024-10-08","Widget Lite","I was hesitant to spend the money but I'm so glad I did. This has made my daily routine so much easier and more efficient. The customer service team was also really helpful when I had a quick question."
370,"2024-08-12","Widget Mini","This replaced my old one and it's ten times better."
371,"2024-01-15","Widget Ultra","Let me break this down. Pros: fast shipping, nice packaging, intuitive design, good weight and feel, works right out of the box. Cons: the manual is practically useless, the app requires too many permissions, and the warranty registration process is needlessly complicated. Overall I'd give it a 7 out of 10. It does what I need it to do and I think it'll last a reasonable amount of time based on the build quality."
372,"2024-05-02","Widget Lite","This is my second one because I loved the first so much. Gave the first to my brother and ordered another for myself. Consistent quality both times."
373,"2024-10-09","Widget Pro","It's fine. Does what it says, nothing more."
374,"2024-07-27","Widget Pro","The quality surprised me in a good way."
375,"2024-02-28","Widget Mini","This replaced my old one and it's ten times better."
376,"2024-11-27","Widget Lite","The product looked nothing like the photos. The color was off, the material felt cheap, and it didn't fit properly. Returning it was also a hassle — had to call three times before they processed it."
377,"2024-05-29","Widget Ultra","The instructions were confusing but once I figured it out it was great. I think they could improve the documentation and maybe include a quick start guide. The product itself is solid though."
378,"2024-05-19","Widget Mini","First impression was bad — the box was crushed and I was worried. But the product inside was fine, protected by good internal packaging. Setup was straightforward. Performance has been consistent over the past month. My only gripe is that it runs a bit loud. Not a dealbreaker but noticeable in a quiet room. If they fix that in the next version I'll upgrade immediately."
379,"2024-09-04","Widget Mini","I've been using this for three months now and it still works like new. The build quality is excellent and it handles daily wear and tear without any issues. Would definitely recommend to anyone looking for a reliable option."
380,"2024-08-21","Widget Ultra","Amazing value for the price. Can't beat it."
381,"2024-07-15","Widget Lite","Perfectly adequate. Gets the job done."
382,"2024-09-17","Widget Lite","Works as advertised. No complaints."
383,"2024-05-21","Widget Mini","Don't bother. Cheaply made and falls apart."
384,"2024-09-16","Widget Max","I bought this for my small business and it has been a total game changer. We process about fifty orders a day and this has cut our preparation time in half. The staff found it easy to learn and we were up and running within an hour. Three months in and zero issues. Worth every penny for a commercial use case. I plan to buy two more for our other locations."
385,"2024-01-02","Widget Max","For the price I paid I can't really complain. It does what it's supposed to do. It's not fancy or premium feeling but it's functional and that's what matters to me at this price point."
386,"2024-06-01","Widget Ultra","Not bad but not great either. Average product."
387,"2024-12-03","Widget Mini","Amazing value for the price. Can't beat it."
388,"2024-08-16","Widget Ultra","Customer support was unhelpful and rude when I asked for a refund. The product itself broke within a week of normal use. I've never been so disappointed with a purchase. Will be leaving reviews everywhere to warn others."
389,"2024-06-25","Widget Max","It's fine. Does what it says, nothing more."
390,"2024-10-05","Widget Mini","Completely useless. Going in the trash."
391,"2024-06-13","Widget Lite","Average product. Neither impressed nor disappointed."
392,"2024-05-02","Widget Ultra","Waste of money. Stopped working after a week."
393,"2024-04-29","Widget Mini","Five stars. Seriously impressive."
394,"2024-06-11","Widget Mini","The instructions were confusing but once I figured it out it was great. I think they could improve the documentation and maybe include a quick start guide. The product itself is solid though."
395,"2024-07-14","Widget Mini","It works. That's about all I can say."
396,"2024-11-29","Widget Lite","The product looked nothing like the photos. The color was off, the material felt cheap, and it didn't fit properly. Returning it was also a hassle — had to call three times before they processed it."
397,"2024-01-19","Widget Lite","I really wanted to like this but it just doesn't work well. It's slow, unreliable, and the battery life is abysmal. I ended up going back to my old one which says a lot."
398,"2024-10-29","Widget Max","Bought three more for friends. That's how good it is."
399,"2024-08-13","Widget Pro","Ordered two and both had defects. One had a scratch right out of the box and the other had a loose part rattling around inside. Quality control is clearly nonexistent."
400,"2024-08-21","Widget Pro","For the price I paid I can't really complain. It does what it's supposed to do. It's not fancy or premium feeling but it's functional and that's what matters to me at this price point."
401,"2024-03-14","Widget Mini","Middle of the road. You get what you pay for."
402,"2024-03-20","Widget Pro","Customer support was unhelpful and rude when I asked for a refund. The product itself broke within a week of normal use. I've never been so disappointed with a purchase. Will be leaving reviews everywhere to warn others."
403,"2024-05-15","Widget Max","Shipping took forever but the product itself is decent."
404,"2024-12-20","Widget Mini","Middle of the road. You get what you pay for."
405,"2024-02-11","Widget Max","I purchased this based on a friend's recommendation and my experience has been very different from theirs. They said it was quiet — mine hums constantly. They said setup was easy — I spent an hour troubleshooting. They said battery lasts all day — mine barely makes it to the afternoon. I'm wondering if there's a quality consistency issue between units. Considering a return."
406,"2024-12-11","Widget Ultra","Waste of money. Stopped working after a week."
407,"2024-06-11","Widget Mini","This might work for someone with very low expectations. For anyone else, spend a little more and get something that actually lasts. Mine died after two weeks."
408,"2024-01-19","Widget Ultra","Works as advertised. No complaints."
409,"2024-04-30","Widget Max","The quality surprised me in a good way."
410,"2024-02-16","Widget Mini","Bought three more for friends. That's how good it is."
411,"2024-11-20","Widget Pro","Worst product I've ever purchased."
412,"2024-03-26","Widget Max","Exceeded my expectations! Will buy again."
413,"2024-01-24","Widget Max","I've owned a lot of products in this category over the years and this ranks somewhere in the middle. The design is sleek and modern which I appreciate. The functionality is mostly good but there are a few quirks that get annoying over time. For example, the power button is in an awkward spot and I keep accidentally pressing it. The battery life claims are also a bit optimistic — I get about 70% of what they advertise. That said, for the sale price I paid, I think it's a fair deal. Just don't expect perfection."
414,"2024-01-29","Widget Max","Returned it the same day. Terrible quality."
415,"2024-07-10","Widget Mini","Amazing value for the price. Can't beat it."
416,"2024-05-05","Widget Ultra","Feels like a cheap knockoff. Very flimsy."
417,"2024-10-16","Widget Lite","Super fast shipping and the product is great."
418,"2024-03-30","Widget Pro","Shipping took forever but the product itself is decent."
419,"2024-07-14","Widget Ultra","Decent for the price. Don't expect miracles."
420,"2024-05-03","Widget Mini","Not bad but not great either. Average product."
421,"2024-03-14","Widget Lite","Completely useless. Going in the trash."
422,"2024-11-22","Widget Max","Completely useless. Going in the trash."
423,"2024-05-10","Widget Pro","Let me break this down. Pros: fast shipping, nice packaging, intuitive design, good weight and feel, works right out of the box. Cons: the manual is practically useless, the app requires too many permissions, and the warranty registration process is needlessly complicated. Overall I'd give it a 7 out of 10. It does what I need it to do and I think it'll last a reasonable amount of time based on the build quality."
424,"2024-08-26","Widget Max","Decent for the price. Don't expect miracles."
425,"2024-10-06","Widget Lite","Works as advertised. No complaints."
426,"2024-08-14","Widget Max","Not bad but not great either. Average product."
427,"2024-06-02","Widget Mini","Average product. Neither impressed nor disappointed."
428,"2024-05-08","Widget Mini","I purchased this based on a friend's recommendation and my experience has been very different from theirs. They said it was quiet — mine hums constantly. They said setup was easy — I spent an hour troubleshooting. They said battery lasts all day — mine barely makes it to the afternoon. I'm wondering if there's a quality consistency issue between units. Considering a return."
429,"2024-06-03","Widget Lite","Waste of money. Stopped working after a week."
430,"2024-09-04","Widget Pro","I've been using this for three months now and it still works like new. The build quality is excellent and it handles daily wear and tear without any issues. Would definitely recommend to anyone looking for a reliable option."
431,"2024-07-14","Widget Ultra","Returned it the same day. Terrible quality."
432,"2024-10-21","Widget Max","Average product. Neither impressed nor disappointed."
433,"2024-05-31","Widget Pro","First impression was bad — the box was crushed and I was worried. But the product inside was fine, protected by good internal packaging. Setup was straightforward. Performance has been consistent over the past month. My only gripe is that it runs a bit loud. Not a dealbreaker but noticeable in a quiet room. If they fix that in the next version I'll upgrade immediately."
434,"2024-12-03","Widget Mini","Bought this as a gift for my partner and they absolutely love it. The packaging was nice, the instructions were clear, and setup took less than five minutes. A+ experience all around."
435,"2024-01-05","Widget Ultra","Decent for the price. Don't expect miracles."
436,"2024-01-26","Widget Ultra","Mixed feelings on this one. The core functionality is good but the accessories that came with it were low quality. I ended up replacing the included case with a third-party one."
437,"2024-09-11","Widget Max","Some features work great, others not so much. The main function is reliable but the app integration is buggy and the Bluetooth connection drops occasionally. Hoping for a firmware update."
438,"2024-04-27","Widget Ultra","Let me break this down. Pros: fast shipping, nice packaging, intuitive design, good weight and feel, works right out of the box. Cons: the manual is practically useless, the app requires too many permissions, and the warranty registration process is needlessly complicated. Overall I'd give it a 7 out of 10. It does what I need it to do and I think it'll last a reasonable amount of time based on the build quality."
439,"2024-06-29","Widget Lite","It's okay. Nothing special but nothing terrible either."
440,"2024-04-07","Widget Ultra","After researching dozens of alternatives, I went with this one and I'm glad I did. The features are exactly what I needed and the price point is very reasonable compared to the competition."
441,"2024-12-13","Widget Lite","It's okay. Nothing special but nothing terrible either."
442,"2024-02-19","Widget Pro","This is my second one because I loved the first so much. Gave the first to my brother and ordered another for myself. Consistent quality both times."
443,"2024-08-13","Widget Pro","Not bad but not great either. Average product."
444,"2024-07-05","Widget Lite","Solid build quality. Highly recommended."
445,"2024-05-31","Widget Max","Mixed feelings on this one. The core functionality is good but the accessories that came with it were low quality. I ended up replacing the included case with a third-party one."
446,"2024-07-31","Widget Lite","Game changer. I use it every single day now."
447,"2024-03-08","Widget Ultra","Arrived damaged. Very disappointing."
448,"2024-09-28","Widget Ultra","Bought this as a gift for my partner and they absolutely love it. The packaging was nice, the instructions were clear, and setup took less than five minutes. A+ experience all around."
449,"2024-03-25","Widget Max","I bought this for my small business and it has been a total game changer. We process about fifty orders a day and this has cut our preparation time in half. The staff found it easy to learn and we were up and running within an hour. Three months in and zero issues. Worth every penny for a commercial use case. I plan to buy two more for our other locations."
450,"2024-09-03","Widget Max","Mixed feelings on this one. The core functionality is good but the accessories that came with it were low quality. I ended up replacing the included case with a third-party one."
451,"2024-06-22","Widget Pro","Completely useless. Going in the trash."
452,"2024-02-08","Widget Lite","It took about a week to get used to it. At first I thought I'd return it but after the learning curve it's become a useful tool. Not sure I'd buy it again at full price though — wait for a sale."
453,"2024-04-25","Widget Mini","I purchased this based on a friend's recommendation and my experience has been very different from theirs. They said it was quiet — mine hums constantly. They said setup was easy — I spent an hour troubleshooting. They said battery lasts all day — mine barely makes it to the afternoon. I'm wondering if there's a quality consistency issue between units. Considering a return."
454,"2024-10-12","Widget Max","Solid build quality. Highly recommended."
455,"2024-07-21","Widget Pro","After researching dozens of alternatives, I went with this one and I'm glad I did. The features are exactly what I needed and the price point is very reasonable compared to the competition."
456,"2024-10-01","Widget Pro","Completely useless. Going in the trash."
457,"2024-07-07","Widget Max","Not bad but not great either. Average product."
458,"2024-07-14","Widget Max","Bought three more for friends. That's how good it is."
459,"2024-12-11","Widget Lite","Customer support was unhelpful and rude when I asked for a refund. The product itself broke within a week of normal use. I've never been so disappointed with a purchase. Will be leaving reviews everywhere to warn others."
460,"2024-01-13","Widget Ultra","It's fine. Does what it says, nothing more."
461,"2024-06-16","Widget Ultra","The quality surprised me in a good way."
462,"2024-11-27","Widget Pro","It's okay. Nothing special but nothing terrible either."
463,"2024-08-25","Widget Max","Middle of the road. You get what you pay for."
464,"2024-07-28","Widget Pro","Perfect for what I needed. Very happy."
465,"2024-01-24","Widget Pro","This is my second one because I loved the first so much. Gave the first to my brother and ordered another for myself. Consistent quality both times."
466,"2024-09-09","Widget Pro","Bought three more for friends. That's how good it is."
467,"2024-04-30","Widget Ultra","Perfect for what I needed. Very happy."
468,"2024-07-17","Widget Mini","Arrived damaged. Very disappointing."
469,"2024-12-09","Widget Ultra","Feels like a cheap knockoff. Very flimsy."
470,"2024-10-27","Widget Lite","Feels like a cheap knockoff. Very flimsy."
471,"2024-12-01","Widget Pro","First impression was bad — the box was crushed and I was worried. But the product inside was fine, protected by good internal packaging. Setup was straightforward. Performance has been consistent over the past month. My only gripe is that it runs a bit loud. Not a dealbreaker but noticeable in a quiet room. If they fix that in the next version I'll upgrade immediately."
472,"2024-09-07","Widget Ultra","Feels like a cheap knockoff. Very flimsy."
473,"2024-05-23","Widget Pro","Average product. Neither impressed nor disappointed."
474,"2024-07-08","Widget Lite","Worst product I've ever purchased."
475,"2024-08-15","Widget Lite","I purchased this based on a friend's recommendation and my experience has been very different from theirs. They said it was quiet — mine hums constantly. They said setup was easy — I spent an hour troubleshooting. They said battery lasts all day — mine barely makes it to the afternoon. I'm wondering if there's a quality consistency issue between units. Considering a return."
476,"2024-07-04","Widget Pro","Decent for the price. Don't expect miracles."
477,"2024-07-07","Widget Ultra","Middle of the road. You get what you pay for."
478,"2024-07-02","Widget Pro","Would not recommend to anyone. Total junk."
479,"2024-05-21","Widget Lite","This replaced my old one and it's ten times better."
480,"2024-08-20","Widget Pro","It works. That's about all I can say."
481,"2024-04-18","Widget Ultra","Exceeded my expectations! Will buy again."
482,"2024-01-26","Widget Max","I've been using this for three months now and it still works like new. The build quality is excellent and it handles daily wear and tear without any issues. Would definitely recommend to anyone looking for a reliable option."
483,"2024-03-05","Widget Ultra","Beautifully designed and works perfectly."
484,"2024-02-05","Widget Ultra","Beautifully designed and works perfectly."
485,"2024-10-27","Widget Lite","I bought this for my small business and it has been a total game changer. We process about fifty orders a day and this has cut our preparation time in half. The staff found it easy to learn and we were up and running within an hour. Three months in and zero issues. Worth every penny for a commercial use case. I plan to buy two more for our other locations."
486,"2024-04-29","Widget Max","Some features work great, others not so much. The main function is reliable but the app integration is buggy and the Bluetooth connection drops occasionally. Hoping for a firmware update."
487,"2024-03-16","Widget Ultra","Absolutely love this product. Best purchase I've made all year."
488,"2024-05-21","Widget Lite","Perfect for what I needed. Very happy."
489,"2024-10-03","Widget Max","Let me break this down. Pros: fast shipping, nice packaging, intuitive design, good weight and feel, works right out of the box. Cons: the manual is practically useless, the app requires too many permissions, and the warranty registration process is needlessly complicated. Overall I'd give it a 7 out of 10. It does what I need it to do and I think it'll last a reasonable amount of time based on the build quality."
490,"2024-03-30","Widget Pro","It works. That's about all I can say."
491,"2024-01-14","Widget Lite","Absolutely love this product. Best purchase I've made all year."
492,"2024-07-02","Widget Lite","Not bad but not great either. Average product."
493,"2024-06-14","Widget Pro","I was skeptical but this thing is legit."
494,"2024-05-15","Widget Pro","Perfect for what I needed. Very happy."
495,"2024-08-03","Widget Ultra","This replaced my old one and it's ten times better."
496,"2024-02-02","Widget Mini","Worst product I've ever purchased."
497,"2024-07-04","Widget Ultra","Not bad but not great either. Average product."
498,"2024-02-25","Widget Mini","I really wanted to like this but it just doesn't work well. It's slow, unreliable, and the battery life is abysmal. I ended up going back to my old one which says a lot."
499,"2024-04-23","Widget Ultra","Five stars. Seriously impressive."
500,"2024-12-03","Widget Ultra","This is my second one because I loved the first so much. Gave the first to my brother and ordered another for myself. Consistent quality both times."
